2314-000546	ニコせっけん1個
2314-001333	レムウェル 15日分　90粒
2314-001246	オキシカット 90粒 
2314-001452	メディカルブレス 口臭除去タブッレット 24粒 サプリメント
2314-001515	蓬緑 よもぎみどり 越後酵素 720ml
2314-001395	RCクリーム 50ml ゼオスキン
2314-000538	ネオちゅらびはだ
2314-001067	リノクル LINOKLE リンクルケア　ファンデーション 20g　赤箱
2314-001077	デイリーPD 50ml ゼオスキン
2314-001164	エクス オーガ ティアリー エクスオーガ
2314-001760	doTERRA ドテラ レモングラス エッセンシャルオイル 15ml
2314-001030	Suiso Bijin Plus EX 90粒 suiso すいそ スイソ
2314-001787	ワイコ WiQo 顔用 保湿ナリシングクリーム 50ml  乾燥肌用
2314-001811	理想のコーヒー risou no Coffee
2314-000192	ルックルック イヌリンプラス 186粒
2314-001057	ヘパリーゼZ 3粒30袋入り
2314-001782	クロワブラン バイポーラ アクアジェル 100ml
2314-001541	あもう酵素 77
2314-001292	ワイルド マンゴーの力 60粒
2314-001222	アイムピンチ エッセンス 60ml I'm PINCH
2314-001786	ワイコ WiQo フェイスフルイド FACIAL SMOOTHING FLUID 30ml 美容液
2314-001072	バランサートナー 180ml ゼオスキン
2314-001392	ハイドレーティングクレンザー 200ml ゼオスキン
2314-001300	シボローカ 30粒 
2314-001346	ToyLaBO トイラボ  40ml
2314-001233	リンカル S 120粒 180g 栄養補助食品
2314-001840	Lashcend　Eyelash serum　ラッシェンド　まつ毛美容液　
2314-001850	チャップアップ レフィル 薬用チャップアップ-04 120ml 医薬部外品
2314-001350	ファンガ ソープ EX 473ml
2314-001376	プロキオン 在庫用
2314-001304	アイムピンチ エッセンス 30ml I'm PINCH
2314-001844	チャップアップ 育毛ローション04
2314-001039	ハル haru スカルプシャンプー 400ml
2314-0001070	デオエースEX プラス 40ml
2314-001265	ラブリービー Lovely B 15g
2314-001457	ドクターワンデル プラス Dr.WANDEL + 30g
2314-001360	ラクトロン 180粒
2314-000278	アルマダスタイル M3.6 電子トリートメント 1000ml ヘアケア 化粧水
2314-000575	チュラコス わらびはだ 30g
2314-000854	lujo ルジョー ニードルセラム 9g
2314-000699	コーズシックス
2314-001154	レスプロンド アイプリン 2ml
2314-001819	ホワイトハンドセラム 薬用美容液NA　20mlTOエセラ
2314-001270	ドクターズチョイス ファンガクリーム 57g PHUNGA CREAM
2314-001632	ラフィーネ アルファ 15個
2314-001678	ヘアモア 薬用ヘアローション S 120ml 詰替 リフィル
2314-001351	黄金まゆの絹粉 UVカットパウダー SPF50+ PA++++
2314-001180	& wolf UV セラム 12.5g アンド　002
2314-000752	プルーストクリーム PROUST CREAM 30g
2314-001097	シミュート 30g 薬用美白クリーム
2314-001679	エンビロン C-クエンス クリーム 35ml
2314-000521	セノッピー 30粒 　ブドウ味　1袋
2314-001641	おぐし Ogshi スカルプエッセンス 100ml オグシ
2314-000739	セノッピー パインマンゴー味 30粒　1袋
2314-001462	セノッピー リンゴ味 グミ サプリメント 30粒 15日分
2314-001052	セノッピー もも味 30粒 1袋
2314-001788	ワイコ WiQo リバース セラム ライトニングセラム 20ml
2314-000613	クレムドアン ホワイト シャンプー
2314-001283	AVEDA アヴェダ 大 BROSSE CLUB
2314-001284	AVEDA アヴェダ 小 BROSSE CLUB
2314-001718	ゼオスキン ジェントルクレンザー  200ml
2314-001247	セノッピー チュアブル SENOPPY CHEWABLE 30日分 30包
2314-001852	フラバン 東京ウェルネス 60粒 プロシアニジンB1 B3 血管サポート 悪玉コレステロールを下げる
2314-001530	haru kurokami グリーン シャンプー ハル
2314-001228	こだわり酒場の レモンサワー専用 タンブラー 中
2314-001820	ヴィオテラスC クリアセラム 美容液 20mL
2314-001646	アポバスター F デオドラントクリーム 15g
2314-001325	野草酵素 720ml
2314-001430	N organic Vie エヌオーガニック リンクルパック エッセンス 15g
2314-001652	アクニー AKNIR 薬用ヘア トリートメント 詰替
2314-001338	美的ヌーボ プレミアム Plus 30包
2314-001313	カンデル KANDEL 15本入
2314-001220	こだわり酒場の レモンサワー専用 デカタンブラー
2314-001358	アカウス 35g
2314-001383	こだわり酒場の レモンサワー タンブラー 小
2314-001396	BSサンスクリーン 118g ゼオスキン
2314-000559	シルクリスタ　　25g
2314-001818	HI-GENKI ハイゲンキ　スピルリナ　90袋
2314-001824	mitas for men　ミタス　30日分　60粒
2314-000815	ナノカルファミリー プラス30包 ミドリ
2314-000939	コンドロメート 30包
2314-000519	ワンデイ クレンズ セット　　　ワン　1 ワンデイクレンズ
2314-001848	尿酸と脂肪のダブルバスター 90粒 30日分 ダイエット　サプリメント
2314-000520	クレムドアン ブラック　300g
2314-001596	ホルモ プレミアム ヘアー グロウ エッセンス 80ml HORMO
2314-001843	neco-ri (ねこり)猫用栄養補助食品 かつお&かつお節味 10包
2314-001525	レッドパワー セラム アイビー化粧品 RED POWER SERUM IVY 美容液 30ml
2314-000724	ミホレ MIHORE スカルプケア 80ml
2314-000835	デオエースEX 　20ｍｌ
2314-001742	ゼオスキン Gファクターアイセラム 15ml
2314-001498	アスハダ ASHADA パーフェクトクリアエッセンス 30ml
2314-001529	鮫珠 肝油 新パッケージ 62粒
2314-001842	ユリイロ YURiiRO インティメイト＆ボディオイル ホワイトリリー 100ml
2314-001830	養宝珠 90粒 
2314-001636	セノッピー チュアブル オレンジ
2314-0001081	タイタンジェル ゴールド Titan gel Gold 50ml
2314-001441	アレルナイトプラス 15本入 オリエンタルバイオ
2314-001645	ノンリ NMN10230プラス サプリ 62粒
2314-001851	ブレスマイルウォッシュ 液体歯みがき 270ml 医薬部外品 
2314-001088	エティアキシルデトランスピラン 敏感肌用 15ml  1個
2314-001680	エムディア EGF リニューローション ブライト 100ml
2314-001235	さかな暮らし ダブル 120粒 
2314-001739	ゼオスキン PSリファイナー 29g
2314-001347	アルマダスタイル M3.6 電子トリートメント 200ml ヘアケア 化粧水
2314-001815	ビーワングレースR　スタイリングローション　詰め替え用　500ml
2314-001398	エクスフォリエーティング ポリッシュ 65g ゼオスキン
2314-001822	KILLER BURNER 2 キラーバーナーツー　45粒
2314-000889	Daily1 デイリーワン　３０包　　1
2314-001854	リッドキララ まぶた用アイケアジェル 10g 
2314-001828	ドテラ doTERRA PHOSSIL サプリメント120粒
2314-001816	ビーワンバランスR　ヘアローション　詰め替え用　1250ml
2314-001849	イクモア ナノグロウリッチ 育毛剤 130ml グリチルリチン酸
2314-001227	DRX ディーアールエックス AZA クリア クリーム 15g
2314-000710	ラクトフェリン 1袋 93粒 約31日分 LION
2314-001838	エヌオーガニック コンディショニング　VC エッセンス 30g
2314-0001022	WrinkFade 20ｇ　リンクルカバーファンデーション　黒箱
2314-001831	キラーバーナー２ 90粒
2314-001821	Siro jam 薬用リンクル＆ホワイトニングセラムEX KR 25gシロジャム
2314-001262	ナノカルファミリー 30包
2314-000698	プラチナアイ アサイーベリー
2314-000574	花蘭咲 120ml　　カラ
2314-000534	皇潤 極 180粒　大
2314-001328	ぽろぽろとれる杏ジェル 110g
2314-001373	バルクス レッドギア 
2314-001745	ウィンスキン クリーム 22g　WINSKIN
2314-001855	ユリイロ インティメイト＆ボディオイル ユズ＆ベルガモット 100mL
2314-001393	シーセラム 50ml ゼオスキン
2314-001790	エンビロン デリケートクリーム 60ml
2314-000741	ちゅらトゥースホワイトニング 30g
2314-000284	鍛神 HMB キタシン 1袋
2314-001483	ビーワン オールインローション 1250ml 詰め替え用
2314-001657	エンビロン クレンジング クリーム 200g 在庫用
2314-001743	ゼオスキン エクスフォリエーティングクレンザー 200ml
2314-001249	スパルト T5 63g 180粒
2314-000695	グリナ 味の素 30本入り
2314-001296	クレ ブラックリムーバー 100g Cle Black remover 除毛クリーム
2314-001845	タカミスキンピール 30ml
2314-001572	TERBINA テルビーナ 20g 
2314-001394	ゼオスキン スキンブライセラム 0.5 50ml
2314-000188	Salafe plus サラフェプラス 30g
2314-001690	ラフドット インティメイトクリーム デリケートゾーン クリーム 75g
2314-001524	ヘアモア スカルプエッセンス 薬用ヘアローション S 120ml 女性用 育毛剤
2314-001834	ソルプロ　プリュス　ホワイト　サプリメント
2314-001513	FAU スキンソリューション BB 30g パフ付き
2314-000614	シズカゲル60ｇ
2314-001324	八酵麗茶 240g 96包 はつらつ堂
2314-001216	dr365 プレエッセンスC 30ml
2314-001531	ちゅらかなさ 30g
2314-001157	TESTO CORE NO3 テストコアno3 210粒 約30日分 サプリメント
2314-001839	SHIRORU クリスタルホイップ 洗顔料シロル
2314-001016	インナーシグナル オールインワン リジュブネイトワン 50g
2314-001738	ゼオスキン ミラミックス 80ml
2314-001584	リフトマキシマイザー 23.5g
2314-001260	ロート V5粒 アクトビジョン 62粒 ACT-VISION
2314-001512	FAU スタークッション
2314-001791	エンビロン デリケートジェル 60ml
2314-001330	パクパク酵母くん